Spider,Ticker,Summary,Sentiment,Sentiment Score,URL
Yahoo,BTC,$597 million worth of Bitcoin was sent to an unknown recipient.,NEGATIVE,0.996279418468475,https://uk.investing.com/news/stock-market-news/this-wallet-just-transferred-597m-worth-of-btc-2634524
Yahoo,BTC,"At today’s prices, the hoard is worth $2.7 billion. The funds will be used to pay off U.S. debt owed to Ross Ulbricht",NEGATIVE,0.611890554428101,https://cryptoslate.com/silk-road-creator-to-offset-183-in-fines-to-allow-sale-of-3-billion-in-bitcoin/
Yahoo,BTC,Largest cryptocurrency is down more than 10% this week.,NEGATIVE,0.999482750892639,https://finance.yahoo.com/news/bitcoin-pullback-deepens-support-37k-175736294.html?fr=sycsrp_catchall
Yahoo,BTC,"Fear & Greed Index remains within ‘Extreme Fear’ zone. Technical indicators continue to flash red, with Bitcoin sitting well below 50-day EMA",NEGATIVE,0.99919992685318,https://finance.yahoo.com/news/bitcoin-btc-way-joining-nasdaq-011209237.html?fr=sycsrp_catchall
Yahoo,BTC,"We’re adding more nodes, node providers, and more public RPC endpoints than any other.",NEGATIVE,0.922775328159332,https://www.investing.com/news/cryptocurrency-news/ankr-the-fastest-growing-web3-infrastructure-provider-2814670
Yahoo,BTC,Every user can get up to 10 BTC for each deposit. Bexplus is a leading crypto derivatives trading platform with over one million traders,POSITIVE,0.993293046951294,https://www.investing.com/news/cryptocurrency-news/bexplus-exchange-offers-100-deposit-bonus-for-ada-doge-btc-eth-usdt-xrp-2809601
Yahoo,BTC,"Bitcoin (BTC) is now trading at a price of $38,477.53, down 3.29% in past 24 hours.",NEGATIVE,0.997229397296906,https://www.investing.com/news/cryptocurrency-news/btc-price-follows-downtrend-bearish-or-bullish-in-future-2809712
Yahoo,BTC,"Africa Bitcoin Conference to receive 1 BTC. Projects include spacechains, lnp2pbot, and censorship monitoring",NEGATIVE,0.983828842639923,https://bitcoinmagazine.com/business/human-rights-foundation-grants-5-btc-to-bitcoin-projects
Yahoo,BTC,Some analysts say that Bitcoin’s current price action aligns with the Bitcoin halving model.,NEGATIVE,0.970840752124786,https://www.newsbtc.com/news/bitcoin/bitcoin-halving-model-suggests-24000-bottom-before-years-end/
Yahoo,BTC,"Top crypto assets such as BTC, DOT, SOL, APE are showing potential surge.",POSITIVE,0.997455775737762,https://www.investing.com/news/cryptocurrency-news/btc-dot-sol-ape-and-cake-to-surge-100x-soon-2809972
Yahoo,BTC,Largest cryptocurrency is down 2% over the past week.,NEGATIVE,0.999539375305176,https://finance.yahoo.com/news/bitcoin-holding-support-resistance-43k-180141119.html?fr=sycsrp_catchall
Yahoo,BTC,Warren Buffett still doesn't see value in the cryptocurrency.,NEGATIVE,0.999228835105896,https://www.cnbc.com/2022/04/30/warren-buffett-gives-his-most-expansive-explanation-for-why-he-doesnt-believe-in-bitcoin.html
Yahoo,BTC,Bitcoin’s price attempted recovery on April 19 but failed. Technical analyst ‘Crypto Rover’ sees ‘ultra bullish’ price structure,NEGATIVE,0.997856795787811,https://finance.yahoo.com/news/top-5-cryptocurrencies-watch-week-170339455.html?fr=sycsrp_catchall
Yahoo,BTC,Largest cryptocurrency is down about 40% from its all-time high.,NEGATIVE,0.998996198177338,https://finance.yahoo.com/news/bitcoin-momentum-weakens-support-35k-174459882.html?fr=sycsrp_catchall
Yahoo,BTC,"bGBP, bXAU stablecoins to be launched on the Bitcoin sidechain Rootstock.",NEGATIVE,0.992888510227203,https://www.investing.com/news/cryptocurrency-news/blindex-introduces-british-pound-goldpegged-stablecoins-to-btc-defi-2809883
Yahoo,BTC,"Bitcoin ‘getting into a narrow playing field,’ Cointelegraph’s van de Poppe says.",NEGATIVE,0.993566453456879,https://www.fxstreet.com/cryptocurrencies/news/bitcoin-price-slow-to-react-as-us-dollar-rally-stops-at-20-year-highs-202204291035
Yahoo,BTC,Bitcoin reversed after registering a new swing high last week.,NEGATIVE,0.996148824691772,https://www.fxstreet.com/cryptocurrencies/news/elliott-waves-on-btc-sol-hint-at-short-term-correction-video-202204250307
Yahoo,BTC,BTC is trading extremely close to two long-term support levels.,NEGATIVE,0.975192427635193,https://www.newsbtc.com/news/bitcoin-btc-dips-below-40000/
Yahoo,BTC,New York State Assembly passes bill that would place two-year ban on PoW mining facilities.,NEGATIVE,0.88719254732132,https://www.investing.com/news/cryptocurrency-news/new-york-state-assembly-passes-ban-on-new-btc-mines-that-dont-use-green-power-2811340
Yahoo,BTC,"DAMAC Properties to accept Bitcoin, Ether for some of its properties.",POSITIVE,0.821739196777344,https://www.investing.com/news/cryptocurrency-news/colorful-billionaires-dubai-real-estate-firm-now-accepts-btc-and-eth-2812418
Yahoo,BTC,Largest cryptocurrency has seen a price increase in the last 24 hours.,POSITIVE,0.654470920562744,https://www.investing.com/news/cryptocurrency-news/will-btc-retest-the-40k-resistance-level-again-before-weekend-2813020
Yahoo,BTC,Analysts remain cautious about a possible correction. Bitcoin is more vulnerable to a market crash than stocks,NEGATIVE,0.995913326740265,https://ca.investing.com/news/stock-market-news/bitcoin-cryptobtc-could-it-crash-to-10000-in-2022-2678897
Yahoo,BTC,I believe Bitcoin is going to have a strong bull run over the next couple of months.,NEGATIVE,0.998362839221954,https://seekingalpha.com/article/4505453-bitcoin-elliott-wave-still-intact
Yahoo,ETH,Analysts have identified a buying spree among Ethereum whales.,NEGATIVE,0.963414072990418,https://www.fxstreet.com/cryptocurrencies/news/analysts-are-bullish-on-ethereum-as-12-million-eth-is-staked-on-the-consensus-layer-202204301338
Yahoo,ETH,"SHIB has been trending for over a week now, climbing up the ranks of Ethereum’s top whales.",POSITIVE,0.997400641441345,https://www.investing.com/news/cryptocurrency-news/shib-trending-eth-whales-bought-500-billion-shib-in-1-week-2809834
Yahoo,ETH,Ethereum making its way to CoinMarketCap’s trending list. Trading volume of the coin has increased by 74% over the last 24 hours,POSITIVE,0.982659816741943,https://www.investing.com/news/cryptocurrency-news/eth-diehards-pump-24h-trading-volume-and-keep-eth-trending-2809934
Yahoo,ETH,Deposit contract for Eth2 has reached a balance of 12 million ETH. The total locked value of Ether in the contract is worth about $34.5 billion,NEGATIVE,0.965112447738647,https://www.investing.com/news/cryptocurrency-news/eth2-deposit-contract-now-holds-10-of-the-circulating-eth-supply-2814583
Yahoo,ETH,Whalestats’ top 10 tokens purchased by 2000 biggest ETH whales.,NEGATIVE,0.749514639377594,https://www.investing.com/news/cryptocurrency-news/usdc-eth-usdt-leads-top-purchased-tokens-ape-slides-to-10th-spot-2812471
Yahoo,ETH,Altcoins have been seeing great capital inflows over the last week. Ether has seen outflows for three consecutive weeks,POSITIVE,0.973828017711639,https://www.investing.com/news/cryptocurrency-news/investors-move-away-from-eth-products-towards-layer1-altcoins-2813027
Yahoo,ETH,"Otherside to sell 55,000 NFTs on Saturday, April 30. Some fans are trying to charge each other for access to NFTs",NEGATIVE,0.963356733322144,https://finance.yahoo.com/news/please-don-t-buy-kyc-210534769.html?fr=sycsrp_catchall
Yahoo,ETH,Network revenue from gas fees fell 44% from Q4 2021. Ethereum’s inflation rate eased to 0.51% in the first quarter,NEGATIVE,0.997548401355743,https://finance.yahoo.com/news/ethereum-revenue-falls-44-average-060403733.html?fr=sycsrp_catchall
Yahoo,ETH,Ethereum Name Service has seen a surge in sales. Domain names ranging from 0 to 9999 have been registered,POSITIVE,0.993384301662445,https://www.investing.com/news/cryptocurrency-news/nft-investors-rush-to-buy-domains-on-ens-since-last-week-2814562
Yahoo,ETH,Ethereum price has been falling since November 2021 on speculation about a protocol.,NEGATIVE,0.999341189861298,https://www.newsbtc.com/news/ethereum/ethereum-trades-below-3000-support-why-is-eth-falling-since-november/
Yahoo,ETH,"Ethereum is down 11% over past month, but other finance assets are down.",NEGATIVE,0.999382972717285,https://www.investing.com/news/cryptocurrency-news/ethereum-onchain-data-hints-at-further-downside-for-eth-price-2812281
Yahoo,ETH,CoinMarketCap apologizes for calling Ripple an imposter. Ripple’s SEC case has weighed on the broader crypto,NEGATIVE,0.996638536453247,https://finance.yahoo.com/news/coinmarketcap-draws-xrp-community-condemnation-022336083.html?fr=sycsrp_catchall
Yahoo,ETH,Ethereum is the second-most-valuable cryptocurrency with a market cap of $358 billion,POSITIVE,0.995463192462921,https://www.fool.com/investing/2022/04/30/if-you-invested-100-in-ethereum-5-years-ago-heres/?source=eptyholnk0000202&utm_source=yahoo-host&utm_medium=feed&utm_campaign=article&yptr=yahoo
Yahoo,ETH,BAYC NFTs have surged in value ahead of Otherside’s verse release. Analysts say there has been a surge in interest in BAYC NFTs ahead of launch,POSITIVE,0.998049259185791,https://finance.yahoo.com/news/bored-ape-yacht-club-price-124033895.html?fr=sycsrp_catchall
Yahoo,ETH,RSI is flatlining as bulls use it to seize control. Ethereum price could open up on Monday in another game,NEGATIVE,0.999416589736939,https://www.fxstreet.com/cryptocurrencies/news/ethereum-price-set-for-15-gains-over-the-weekend-202204291245
Yahoo,ETH,SHIB is now the most popular investment option for Ethereum whales. Coin is up 7.8% after new token burning mechanism launched,NEGATIVE,0.681067645549774,https://www.ibtimes.com/shiba-inu-secret-hideout-eth-whales-reclaims-top-spot-whale-holdings-3485193
Yahoo,ETH,"Whale sent $29,470,260 worth of Ether off Gemini. Ether is down 0% in the past 24 hours",NEGATIVE,0.999350368976593,https://www.benzinga.com/markets/cryptocurrency/22/04/26845260/crypto-whale-just-moved-29m-worth-of-ethereum-eth-off-gemini
Yahoo,ETH,Devconnect in Amsterdam coincided with the Ethereum Foundation’s annual report. Non-profit steward of the Ethereum ecosystem holds 0.3% of Ether,NEGATIVE,0.981452822685242,https://finance.yahoo.com/news/ethereum-foundation-holds-fiat-113000372.html?fr=sycsrp_catchall
Yahoo,ETH,"Ether was burned at a rate of 4,276.62 per day on Tuesday.",NEGATIVE,0.987016499042511,https://www.benzinga.com/markets/cryptocurrency/22/04/26847473/4-276-eth-worth-12m-was-just-burned
Yahoo,ETH,"Bitcoin, Ether, APE, Cardano, Polkadot all trade lower.",NEGATIVE,0.99959260225296,https://finance.yahoo.com/news/bitcoin-eth-remains-risk-apecoin-141201552.html?fr=sycsrp_catchall
Yahoo,ETH,$155 million worth of Ethereum was sent to an unknown recipient.,NEGATIVE,0.984830975532532,https://www.benzinga.com/markets/cryptocurrency/22/04/26792041/this-wallet-just-transferred-155m-worth-of-eth
Yahoo,ETH,Ethereum is moving from a proof-of-work protocol to a proof-of-stake model,POSITIVE,0.991794526576996,https://www.fool.com/investing/2022/04/27/2-reasons-buy-ethereum-now-1-reason-to-wait/?source=eptyholnk0000202&utm_source=yahoo-host&utm_medium=feed&utm_campaign=article&yptr=yahoo
Yahoo,ETH,Ethereum hit by jump in Covid-19 cases in China. Network to upgrade to Ethereum 2.0 next year’s end,NEGATIVE,0.992119550704956,https://finance.yahoo.com/news/buying-ethereum-too-risky-now-203310995.html?fr=sycsrp_catchall
Yahoo,ETH,Ethereum to complete transition to using proof-of-stake (PoS) very soon. Move to PoS will have beneficial effects for crypto investors,POSITIVE,0.999165058135986,https://investorplace.com/2022/04/eth-crypto-will-rise-as-the-transition-to-proof-of-stake-nears-in-july/
Yahoo,ETH,Analysts identify signs of bearish exhaustion in the price trend. Ethereum’s circulating supply has dropped to a record 2.1 million,NEGATIVE,0.999453008174896,https://www.fxstreet.com/cryptocurrencies/news/ethereum-price-trend-shows-bearish-exhaustion-signals-with-625-billion-burn-in-eth-202204280912
Yahoo,ETH,"Solana, Dogecoin among the best cryptos to buy now: CoinQuora",POSITIVE,0.999619722366333,https://www.investing.com/news/cryptocurrency-news/top-5-cryptocurrencies-in-may-2022-eth-sol-doge-ada-luna-2814272
Yahoo,ETH,"Moving averages, Ichimoku Cloud can help determine if it is time to go long or short.",NEGATIVE,0.987830936908722,https://finance.yahoo.com/news/time-long-ethereum-wait-184412947.html?fr=sycsrp_catchall
Yahoo,ETH,Payments platform Stripe adds stablecoin to its network.,POSITIVE,0.991727352142334,https://finance.yahoo.com/news/polygon-survive-ethereum-big-upgrade-202103997.html?fr=sycsrp_catchall
Yahoo,ETH,The Ethereum merger will likely be a turning point for investors. Crypto industry is expected to divorce from global markets by 2022.,NEGATIVE,0.993435621261597,https://www.newsbtc.com/news/ethereum/will-the-ethereum-merge-skyrocket-eth/
Yahoo,ETH,SHIB and APE have been trending as Ethereum-based tokens over the past few weeks.,NEGATIVE,0.995192527770996,https://www.investing.com/news/cryptocurrency-news/ape-and-shib-trending-will-they-reach-the-moon-do-we-buy-2810704
Yahoo,ETH,"Ethereum is attempting a recovery wave above $2,900, SOL is forming a base.",NEGATIVE,0.916159451007843,https://finance.yahoo.com/news/bitcoin-eth-near-breakout-zone-141318838.html?fr=sycsrp_catchall
Yahoo,ETH,Coin will be used to mint an Otherdeed from Yuga Labs,NEGATIVE,0.990440964698792,https://www.fool.com/investing/2022/04/30/why-apecoin-went-from-hot-to-not-overnight/?source=eptyholnk0000202&utm_source=yahoo-host&utm_medium=feed&utm_campaign=article&yptr=yahoo
Yahoo,ETH,Ethereum has been falling since hitting a fresh high in November 2021.,NEGATIVE,0.996374547481537,https://www.cryptonewsz.com/ethereum-trades-below-3000-whats-next-for-eth/
Cointelegraph,BTC,Mobile phone’s predictive typing feature can predict seed phrases. Malware can use this information to drain a user’s funds,NEGATIVE,0.999336421489716,https://cointelegraph.com/news/warning-smartphone-text-prediction-guesses-crypto-hodler-s-seed-phrase
Cointelegraph,BTC,"April has been the worst month in Bitcoin’s history. BTC/USD has, so far, managed to avoid a drop below liquidity",NEGATIVE,0.999723613262177,https://cointelegraph.com/news/these-are-the-btc-price-levels-to-watch-as-bitcoin-risks-worst-april-on-record
Cointelegraph,BTC,"bloXroute raises $70 million for DeFi infrastructure, Hedera launches fund. Web3 gaming finance and identity startup Spruce raise $34 million",POSITIVE,0.570768237113953,https://cointelegraph.com/news/vc-roundup-gaming-crypto-fintech-and-blockchain-infrastructure-dominate-venture-capital-rounds
Cointelegraph,BTC,"Bitcoin circles $38,600 on Bitstamp; S&P 500, Nasdaq close lower.",NEGATIVE,0.999521255493164,https://cointelegraph.com/news/bitcoin-retreats-toward-38k-after-friday-sparks-losses-for-nearly-everything-outside-china
Cointelegraph,BTC,Samson Mow doubts DeFi can compete with Bitcoin. Solana partnered with Notifi to improve governance votes,NEGATIVE,0.921657562255859,https://cointelegraph.com/news/finance-redefined-samson-mow-s-defi-question-fireblocks-expands-to-institutional-and-more
Cointelegraph,BTC,Financial regulator imposes new rule on crypto exchanges and wallets. Businesses that have already been operating before this official announcement must notify FSMA,NEGATIVE,0.992613077163696,https://cointelegraph.com/news/belgian-financial-regulator-fsma-to-regulate-crypto-exchange-services
Cointelegraph,BTC,Data shows smart money continues to accumulate. Analysts at Delphi Digital predict Ether price could decouple from Bitcoin,NEGATIVE,0.989221096038818,https://cointelegraph.com/news/smart-money-is-accumulating-ethereum-even-as-traders-warn-of-a-drop-to-2-4k
Cointelegraph,BTC,Criminals see crypto as a way to make money. Better education needed at every level to protect consumers,NEGATIVE,0.981315553188324,https://cointelegraph.com/news/making-crypto-conventional-by-improving-crypto-crime-investigations-worldwide
Cointelegraph,BTC,"Market cap has been holding steady for three months. Alt tokens including Apecoin, Zilliqa, Nexo rally in same time period",NEGATIVE,0.980232715606689,https://cointelegraph.com/news/2-key-metrics-point-toward-further-downside-for-the-entire-crypto-market
Cointelegraph,BTC,"Largest cryptocurrency has fallen below $20,000 for the first time in three months.",NEGATIVE,0.998834908008575,https://cointelegraph.com/news/price-analysis-4-29-btc-eth-bnb-sol-luna-xrp-ada-doge-avax-dot
Cointelegraph,BTC,The asset’s correlation with the U.S. stock market has risen to alarming levels.,NEGATIVE,0.98312509059906,https://cointelegraph.com/news/bitcoin-whale-holdings-at-7-month-highs-despite-warnings-of-btc-price-crash-to-20k
Cointelegraph,BTC,"Lending, stablecoin farming and no-loss token offerings.",POSITIVE,0.990847945213318,https://cointelegraph.com/news/here-are-3-ways-hodlers-can-profit-during-bull-and-bear-markets
Cointelegraph,BTC,Technical indicators suggest that BTC is in a buy zone,NEGATIVE,0.982392013072968,https://cointelegraph.com/news/bitcoin-halving-analysis-hints-at-24k-bottom-before-the-end-of-2022
Cointelegraph,BTC,Cointelegraph Research reports record VC investment in crypto startups. Dragonfly raises $650 million to launch fund dedicated to all things crypto,POSITIVE,0.993511140346527,https://cointelegraph.com/news/crypto-biz-if-you-think-crypto-is-bearish-you-re-not-paying-attention-april-21-27-2022
Cointelegraph,BTC,"Discount brokerage listed four trending tokens in Q1 2022. Firm plans to expand in the U.K., Europe.",POSITIVE,0.937867760658264,https://cointelegraph.com/news/robinhood-makes-significant-strides-in-crypto-business-in-q1-despite-falling-revenue
Cointelegraph,BTC,Amazon posts biggest intraday loss in eight years. Whalemap says buying behavior parallels bear market bottom of late 2018,NEGATIVE,0.999031543731689,https://cointelegraph.com/news/bitcoin-disappoints-on-bull-run-as-amzn-sees-biggest-1-day-drop-since-2014
Cointelegraph,BTC,Exchange has shut down accounts linked to relatives of senior officials. Elizaveta Peskova was sanctioned by the U.S. Treasury Department in March,NEGATIVE,0.998826444149017,https://cointelegraph.com/news/binance-blocks-crypto-accounts-of-relatives-tied-to-the-russian-government
Cointelegraph,BTC,"Bitfinex, Bybit, KuCoin among exchanges to expand in country. Local marketing, currency depreciation are key to attracting new users",POSITIVE,0.997831761837006,https://cointelegraph.com/news/turkey-s-second-wave-of-major-crypto-interest-bitfinex-coinbase-and-kucoin-ramp-up
Cointelegraph,BTC,"BTC/USD stays rangebound despite ‘parabolic rally’ in U.S. dollar. Van de Poppe expects ‘big impulse move’ toward $42,000",NEGATIVE,0.984451293945313,https://cointelegraph.com/news/bitcoin-price-slow-to-react-as-us-dollar-rally-stops-at-20-year-highs
Cointelegraph,BTC,Australia politician spoke with U.S. Senator Lummis on the issue.,POSITIVE,0.97525817155838,https://cointelegraph.com/news/senators-bragg-and-lummis-discuss-crypto-laws-collaboration-between-us-australia
Cointelegraph,BTC,Deposit contract for staking Ether on Beacon Chain has reached a balance. Ethereum’s PoS transition has faced numerous challenges,POSITIVE,0.873186647891998,https://cointelegraph.com/news/eth2-deposit-contract-now-holds-10-of-the-circulating-eth-supply
Cointelegraph,BTC,"Dogecoin is a ‘top contender’ for the world’s dominant crypto, he says. Ver now spends his days as an evangelist for Bitcoin Cash",POSITIVE,0.984985589981079,https://cointelegraph.com/news/dogecoin-jesus-roger-ver-resurfaces-on-twitter-backs-doge-over-btc
Cointelegraph,BTC,Crypto Law is similar to El Salvador’s Bitcoin Law. Pro-person congressman Gabriel Silva says bill will help Panama become hub of innovation,NEGATIVE,0.790437996387482,https://cointelegraph.com/news/panama-s-legislature-approves-bill-regulating-crypto
Cointelegraph,BTC,"Bitcoin price hit new multi-month low at $37,700 on Friday. Bitcoin derivatives ‘now represent the dominant venue for price discovery’",NEGATIVE,0.997921168804169,https://cointelegraph.com/news/bitcoin-is-40-down-from-its-ath-but-on-chain-analysts-say-it-s-starting-to-bottom-out
Cointelegraph,BTC,"Whalemap sees $27,000 as key level to watch. Exchange net position change is at lowest since 2018",NEGATIVE,0.999056279659271,https://cointelegraph.com/news/27k-max-pain-bitcoin-price-is-ultimate-buy-the-dip-opportunity-says-research
Cointelegraph,BTC,Nonfungible token (NFTs) donations and purchases to be accepted. Aid for Ukraine crypto fund has raised over $60 million so far,POSITIVE,0.990373134613037,https://cointelegraph.com/news/ready-steady-nft-ukrainian-government-accepts-nft-donations
Cointelegraph,BTC,Independent Reserve conducted a retail-focused survey. Younger adults between 18 and 25 years are most willing to diversify,POSITIVE,0.907095432281494,https://cointelegraph.com/news/singaporean-investors-appetite-for-crypto-is-key-to-mainstream-adoption-survey
Cointelegraph,BTC,Toncoin developers have added crypto payment options on Telegram. The coin was created by Telegram in 2017 for services,NEGATIVE,0.893280923366547,https://cointelegraph.com/news/telegram-wallet-bot-enables-users-to-send-crypto-in-app-via-revived-blockchain-project
Cointelegraph,BTC,Investment bank offers first Bitcoin-backed loan in its history. Banks are increasingly turning to crypto as collateral for loans,NEGATIVE,0.98550409078598,https://cointelegraph.com/news/goldman-sachs-offers-first-bitcoin-backed-loan-as-wall-street-embraces-crypto
Cointelegraph,BTC,Abra Borrow allows users to put up digital assets as collateral. Propy is planning a ‘real property NFT sale’ with instant mortgage approvals,NEGATIVE,0.991872608661652,https://cointelegraph.com/news/propy-partners-with-abra-to-provide-crypto-backed-real-estate-loans
Cointelegraph,BTC,"Bitcoin falls back after bid to $40,883 rejected. DXY hits highest level since 2002 amid rampant greenback",NEGATIVE,0.99622106552124,https://cointelegraph.com/news/bitcoin-rejects-40k-as-us-dollar-strength-hits-20-year-high
Cointelegraph,BTC,"Decentralized finance protocols can’t compete with Bitcoin, he says. Bitcoin is a unique candidate for becoming a global monetary system",POSITIVE,0.964314877986908,https://cointelegraph.com/news/defi-is-not-decentralized-at-all-says-former-blockstream-executive
Cointelegraph,BTC,"serendipitously, on his sister’s birthday. He took out a Bitcoin-backed loan to pay for his mom’s house",NEGATIVE,0.994668424129486,https://cointelegraph.com/news/home-sweet-hodl-how-a-bitcoiner-used-btc-to-buy-his-mom-a-house
Cointelegraph,BTC,"Cryptocurrencies have become more mainstream over the past couple of years. Dmytro Volkov, chief technology officer at CEX.IO, sees ‘arms race’ between cybercriminals",POSITIVE,0.949062526226044,https://cointelegraph.com/news/blockchain-and-crypto-can-be-a-boon-for-tracking-financial-crimes
Cointelegraph,BTC,"Price level at $38,000 now ‘precisely’ where spot is acting. Whale buying and selling behavior seen at crucial point",NEGATIVE,0.980362176895142,https://cointelegraph.com/news/bitcoin-set-for-volatile-monthly-close-after-btc-price-checks-all-boxes-for-major-move
Cointelegraph,BTC,Study shows that 20% of businesses in El Salvador accept BTC. Users who have downloaded the government-backed Chivo Wallet have reduced cash use,NEGATIVE,0.996878504753113,https://cointelegraph.com/news/one-fifth-of-businesses-in-el-salvador-now-accept-bitcoin-nber-study
Cointelegraph,BTC,Dojecka paid for doggo’s radiation treatment with Bitcoin. They doubled their initial investment using the world’s most popular cryptocurrency,NEGATIVE,0.977441728115082,https://cointelegraph.com/news/cashing-out-bitcoin-to-save-a-dog-s-life-from-cancer-is-the-moon-for-us
Cointelegraph,BTC,$4.7 million ETF tracks an array of international companies. Largest single holding is U.S.-based Coinbase,POSITIVE,0.991562426090241,https://cointelegraph.com/news/blackrock-launches-blockchain-industry-etf-names-crypto-as-1-of-3-big-opportunities
Cointelegraph,BTC,hash rate hits a new record high of 258 EH/s. Mining difficulty reaches new high of 29.70 trillion,NEGATIVE,0.997154235839844,https://cointelegraph.com/news/bitcoin-network-hash-rate-hit-a-new-record-high-amid-price-volatility
Cointelegraph,BTC,"Mayor wants state to ‘listen to those who are in the industry’. New York’s BitLicensing regime stifles innovation, he says",NEGATIVE,0.998762845993042,https://cointelegraph.com/news/new-york-mayor-urges-state-to-abandon-stifling-bitlicense-scheme
Cointelegraph,BTC,Multi-billion dollar developer to accept crypto payments. Firm is ‘fueling’ Dubai’s ambitions by rolling out crypto initiatives,POSITIVE,0.997982025146484,https://cointelegraph.com/news/colorful-billionaire-s-dubai-real-estate-firm-now-accepts-btc-and-eth
Cointelegraph,BTC,Mexico’s Senate building now houses the country’s 14th Bitcoin ATM. Coin ATM Radar data shows that Mexico already had 13 such machines,NEGATIVE,0.992074251174927,https://cointelegraph.com/news/bitcoin-atm-installed-in-mexico-s-senate-building
Cointelegraph,BTC,He was one of the six people who combined their private key to launch the project.,POSITIVE,0.965690553188324,https://cointelegraph.com/news/edward-snowden-reveals-he-was-one-of-six-who-helped-launch-zcash
Cointelegraph,BTC,"Bitcoin, Ether and other cryptocurrencies have been under pressure in recent weeks.",NEGATIVE,0.997423768043518,https://cointelegraph.com/news/price-analysis-4-27-btc-eth-bnb-xrp-sol-luna-ada-avax-doge-dot
Cointelegraph,BTC,Grayscale is world’s largest crypto fund manager with over $35.7 billion in assets. Sonnenshein says the firm is looking at launching exchange-traded fund in U.S.,POSITIVE,0.988580763339996,https://cointelegraph.com/news/grayscale-to-expand-crypto-fund-offering-into-europe
Cointelegraph,BTC,"Metaverse dominates crypto headlines, but DeFi is real world.",POSITIVE,0.99594646692276,https://cointelegraph.com/news/psa-to-crypto-world-lock-in-some-gains-before-going-metaverse
Cointelegraph,BTC,"Bitcoin still has upside potential despite recent woes. Van de Poppe sees short-term support at $39,200",POSITIVE,0.971092760562897,https://cointelegraph.com/news/trader-flags-btc-price-levels-to-watch-as-bitcoin-still-risks-30k-ultimate-bottom
Cointelegraph,BTC,"Former BitMEX CEO sees gold, Bitcoin as potential ‘exit outlets’. Inflation, yield curve control to hurt U.S., China",NEGATIVE,0.998233795166016,https://cointelegraph.com/news/ex-bitmex-ceo-explains-how-bitcoin-will-hit-1-million-by-2030
Cointelegraph,BTC,Most bullish bets for April 29 options expiry worthless. Regulatory concerns continue to pose a threat to Bitcoin,NEGATIVE,0.999477207660675,https://cointelegraph.com/news/here-s-why-bitcoin-bears-aim-to-pin-btc-under-39k-ahead-of-friday-s-1-9b-options-expiry
Cointelegraph,BTC,New product aims to provide inflation protection by tracking an index. 21Shares is one of the world’s largest crypto ETP providers,POSITIVE,0.623645305633545,https://cointelegraph.com/news/21shares-launches-hybrid-bitcoin-and-gold-etp-to-enable-inflation-hedge
Cointelegraph,BTC,"Cuba’s central bank issues official Gazette. Central bank to issue licenses for Bitcoin, other virtual assets.",NEGATIVE,0.941783308982849,https://cointelegraph.com/news/cuban-central-bank-makes-it-official-vasp-licensing-coming-in-may
Cointelegraph,BTC,"USDC.homes issues first crypto loan to Austin, Texas homeowner. Mortgages can be issued at 5.5% interest rate with 20% down payment",NEGATIVE,0.978505671024323,https://cointelegraph.com/news/uncollateralized-defi-mortgage-taken-out-on-austin-condo-via-teller
Cointelegraph,BTC,Central African Republic to adopt Bitcoin as legal tender. About five million residents of the country will reportedly be able to use crypto.,POSITIVE,0.93489021062851,https://cointelegraph.com/news/central-african-republic-will-adopt-bitcoin-as-legal-tender-report
Cointelegraph,BTC,"Bybit has launched crypto options contracts for USD Coin. Exchange excluded jurisdictions including the United States, mainland China, Canada.",NEGATIVE,0.983637154102325,https://cointelegraph.com/news/bybit-adds-crypto-options-trading-as-part-of-expansion-plans
Cointelegraph,BTC,"Bill would impose a two-year ban on new PoW mining facilities. Opponents claim opponents are “pro-tech, pro-crypto”",NEGATIVE,0.99259078502655,https://cointelegraph.com/news/new-york-state-assembly-passes-ban-on-new-btc-mines-that-don-t-use-green-power
Cointelegraph,BTC,"Canada’s Purpose added 1,132 BTC on April 27. Interest in ‘buying the dip’ has ‘skyrocketed,’ Santiment says",NEGATIVE,0.997194766998291,https://cointelegraph.com/news/purpose-bitcoin-etf-adds-1-1k-btc-as-data-hints-investors-want-to-buy-the-dip
Cointelegraph,BTC,Analysts say Bitcoin is trading within range it has been stuck in since January.,NEGATIVE,0.997075319290161,https://cointelegraph.com/news/altcoins-sell-off-as-bitcoin-price-drops-to-its-macro-level-support-at-38k
Cointelegraph,BTC,Market expert Marcel Pechman looks at the Bitcoin and Ether markets,POSITIVE,0.98113614320755,https://cointelegraph.com/news/what-are-the-top-3-trending-altcoins-to-buy-in-2022-find-out-now-on-the-market-report
Cointelegraph,BTC,BTC/USD hits lowest level since mid-March. Crypto Fear & Greed Index hits lowest level since April 12,NEGATIVE,0.999523758888245,https://cointelegraph.com/news/bitcoin-rebounds-off-6-week-lows-amid-warning-of-brutal-btc-price-bull-trap
Cointelegraph,BTC,Three Antminer S9 miners to be installed at city hall. City to evaluate the program after six months,NEGATIVE,0.984996795654297,https://cointelegraph.com/news/city-of-fort-worth-votes-in-favor-of-bitcoin-mining-program
Cointelegraph,BTC,"Cointelegraph Research fundamentally evaluates Terra in its 50-page report. Decentralized stablecoins, blockchain integration in real-world payments",POSITIVE,0.99424946308136,https://cointelegraph.com/news/can-terra-blockchain-sustain-its-growth-research-report-digs-deeper
Cointelegraph,BTC,"Non-fungible tokens, fan tokens are gaining popularity. Sports betting, fan tokens, and more in the works",POSITIVE,0.996611654758453,https://cointelegraph.com/news/what-major-sports-are-paying-athletes-in-crypto
Cointelegraph,BTC,"Publicly traded miners are ‘much more sophisticated’, Bitfarms’ Gagnon says. Publicly traded miners are ‘best way to go’ for crypto investors",NEGATIVE,0.856869637966156,https://cointelegraph.com/news/bitcoin-vs-btc-miner-stocks-bitfarms-mining-chief-explains-key-differences
Cointelegraph,BTC,"BTC/USD drops below local highs of $40,800 on April 26. Dogecoin is back in the top ten cryptocurrencies by market cap",POSITIVE,0.564889073371887,https://cointelegraph.com/news/bitcoin-fails-to-hold-40k-with-traders-still-hoping-for-a-btc-price-relief-bounce
Cointelegraph,BTC,Two moving averages have turned negative for only the third time in its history. Weekly 20-WMA crossed under 50-WMA in mid-March,NEGATIVE,0.999305605888367,https://cointelegraph.com/news/bitcoin-repeats-rare-weekly-chart-signal-that-resulted-in-50-btc-price-dips
Cointelegraph,BTC,"Capital inflows to Avalanche, Solana, Algorand funds. Ether has seen capital outflows for the third week in a row",NEGATIVE,0.792480707168579,https://cointelegraph.com/news/institutional-investment-flows-out-of-eth-and-into-competing-l1-altcoins
Cointelegraph,BTC,Hangzhou court fines NFTCN for allowing users to mint NFTs. Hangzhou court also orders NFTCN to send NFTs to ‘eater address’,NEGATIVE,0.995209991931915,https://cointelegraph.com/news/chinese-court-rules-marketplace-guilty-of-minting-nfts-from-stolen-artwork
Cointelegraph,BTC,"The Bitcoin Spot ETF, Ether ETF and 21Shares Bitcoin Fund were due to launch on Wednesday.",NEGATIVE,0.882236301898956,https://cointelegraph.com/news/failure-to-launch-australia-s-first-3-crypto-etfs-all-miss-launch-day
Cointelegraph,BTC,Investment firm to offer Bitcoin retirement plan later this year. Fidelity is currently in discussions with several of the employers that use its services,POSITIVE,0.71042937040329,https://cointelegraph.com/news/fidelity-to-reportedly-allow-401-k-retirement-savings-accounts-to-invest-in-bitcoin
Cointelegraph,BTC,"Startup accelerator to add Web3, DeFi, NFTs. CityCoins is a Bitcoin layer-2 smart contract solution",POSITIVE,0.725042223930359,https://cointelegraph.com/news/citycoins-expanding-services-via-11-new-incubated-projects
Cointelegraph,BTC,Sustainable energy mix for Bitcoin mining now 58.4%. Industry has come under fire for high carbon footprint and energy usage,NEGATIVE,0.937589943408966,https://cointelegraph.com/news/sustainable-energy-usage-for-btc-mining-grows-nearly-60-in-a-year
Cointelegraph,BTC,MetaMask is an Ethereum crypto wallet that supports ERC-20 tokens.,NEGATIVE,0.983734726905823,https://cointelegraph.com/news/how-to-store-bitcoin-on-metamask
Cointelegraph,BTC,The Bitcoin network recorded a new all-time high of 29.794 trillion. Transaction fees fell to one of the lowest in two years,NEGATIVE,0.999451339244843,https://cointelegraph.com/news/bitcoin-network-difficulty-breaks-into-a-new-all-time-high-of-29-794t
Cointelegraph,ETH,EU proposal misunderstands concept of self-custody. Self-custody is different from traditional finance,NEGATIVE,0.956609785556793,https://cointelegraph.com/news/self-custody-control-and-identity-how-regulators-got-it-wrong
Cointelegraph,ETH,"CEO says exchange to change token listing process. Coinbase has ‘zero tolerance’ for insider trading, CEO says",NEGATIVE,0.990514755249023,https://cointelegraph.com/news/coinbase-ceo-responds-to-insider-trading-allegations-with-changes-for-token-listings
Cointelegraph,ETH,Ethereum users rush to purchase scarce three- and four-digit names.,NEGATIVE,0.99944943189621,https://cointelegraph.com/news/4-digit-ens-domains-spike-in-demand-this-week-and-continue-soaring
Cointelegraph,ETH,Decentralized finance platform Fei Protocol offers $10 million bounty to hackers. Decentralized finance platform Fei Protocol offers $10 million bounty to hackers,NEGATIVE,0.991171777248383,https://cointelegraph.com/news/rari-fuze-hacker-offered-10m-bounty-by-fei-protocol-to-return-80m-loot
Cointelegraph,ETH,SNX price rallied 52.6% since hitting a low of $4.44 on April 11.,NEGATIVE,0.593224883079529,https://cointelegraph.com/news/synthetix-snx-rallies-in-anticipation-of-l2-curve-wars-and-optimism-airdrop-announcement
Cointelegraph,ETH,Sidechain Axie Infinity was hit by $600 million hack late last month. Rewards for bugs and security improvements to be doubled,NEGATIVE,0.999005258083344,https://cointelegraph.com/news/plan-for-1m-bug-bounties-and-double-the-nodes-in-wake-of-600m-ronin-hack
Cointelegraph,ETH,Gem and Chess.com acquired by OpenSea. Online chess players can now turn memorable matches into NFTs,POSITIVE,0.996494591236115,https://cointelegraph.com/news/nifty-news-opensea-acquires-gem-and-chess-com-makes-a-move-into-nfts
Cointelegraph,ETH,binance has launched a crypto card for refugees. Global crypto exchange has launched a crypto card that allows refugees to make transactions,POSITIVE,0.851307570934296,https://cointelegraph.com/news/binance-announces-crypto-card-for-ukrainian-refugees
Cointelegraph,ETH,The Optimism Foundation has unveiled a new governance structure. Optimism Collective to vote on Ethereum protocol upgrades and incentives,POSITIVE,0.997347474098206,https://cointelegraph.com/news/ethereum-scaling-solution-optimism-upgrades-governance-structure
Cointelegraph,ETH,"Ethereum price is unlikely to rally above $3,500 any time soon.",NEGATIVE,0.998818218708038,https://cointelegraph.com/news/ethereum-on-chain-data-hints-at-further-downside-for-eth-price
Cointelegraph,ETH,LDO token price trended higher throughout the month of March and then entered a consolidation period.,NEGATIVE,0.995407104492188,https://cointelegraph.com/news/here-s-why-the-growth-of-token-staking-could-be-bullish-for-lido-ldo
Cointelegraph,ETH,More than $40 million worth of non-fungible tokens may have been stolen in attack. Crypto enthusiasts who connected their MetaMask wallets to the scam website,NEGATIVE,0.999509930610657,https://cointelegraph.com/news/bored-ape-yacht-club-nfts-stolen-in-instagram-phishing-attack
Cointelegraph,ETH,"Largest cryptocurrency continues to trade below $40,000. Bitcoin supply has not moved for at least a year",NEGATIVE,0.999076128005981,https://cointelegraph.com/news/price-analysis-4-25-btc-eth-bnb-xrp-sol-luna-ada-avax-doge-dot
Cointelegraph,ETH,"Moonbirds, Mutant Ape Yacht Club among top 10 NFTs in volume sales.",POSITIVE,0.99406898021698,https://cointelegraph.com/news/opensea-top-10-nft-projects-soar-as-new-liquidity-enters-the-market
Cointelegraph,ETH,"Blue-chip status depends on volume, volatility. PROOF Collective’s Moonbirds collection rocketed to the moon",POSITIVE,0.612693071365356,https://cointelegraph.com/news/legacy-nft-prices-are-soaring-but-exactly-what-makes-a-collection-a-blue-chip
Cointelegraph,ETH,Yield farming and impermanent loss are related.,NEGATIVE,0.981567919254303,https://cointelegraph.com/explained/what-is-impermanent-loss-and-how-to-avoid-it
Cointelegraph,ETH,Security firm Peckshield has detected a bath of phishing sites.,NEGATIVE,0.986885190010071,https://cointelegraph.com/news/stepn-impersonators-stealing-users-seed-phrases-warn-security-experts
Cointelegraph,ETH,"Nearly $33 million worth of NFTs locked within a smart contract. Akutars went live on Friday with 15,000 NFTs up for sale",NEGATIVE,0.884981215000153,https://cointelegraph.com/news/akudreams-dev-team-locks-up-34m-due-to-smart-contract-bug
Cointelegraph,ETH,"Ethereum is a capitalization, open-source blockchain and the first network to launch smart contract functionality",POSITIVE,0.992774724960327,https://cointelegraph.com/explained/why-does-ethereum-have-an-intrinsic-value
Cointelegraph,ETH,Index investing could be a profitable alternative.,NEGATIVE,0.984529435634613,https://cointelegraph.com/news/altcoin-roundup-crypto-indexes-offer-broad-access-but-are-they-profitable-in-the-long-run
Cointelegraph,ETH,"Californian crypto exchange Kraken awarded operational license in Abu Dhabi. School in Dubai accepts Bitcoin, Ethereum tuition payments",POSITIVE,0.872753202915192,https://cointelegraph.com/news/kraken-awarded-crypto-trading-license-in-the-united-arab-emirates
Cointelegraph,ETH,Ripple has been in a similar trading channel since April 2022.,NEGATIVE,0.988087713718414,https://cointelegraph.com/news/could-xrp-price-lose-another-70-by-q3
Cointelegraph,ETH,Micah Johnson’s Akutar NFT project aims to define Web3,POSITIVE,0.918292462825775,https://cointelegraph.com/news/here-s-how-the-akutars-nft-project-hopes-to-redefine-how-culture-intersects-with-web3
Cointelegraph,ETH,DropCatch DropCatch DropCatch DropCatch DropCatch DropCatch DropCatch DropCatch DropCatch DropCatch DropCatch DropCatch DropCatch DropCatch was used for Ether transfers.,NEGATIVE,0.994153439998627,https://cointelegraph.com/news/us-treasury-dept-sanctions-3-ethereum-addresses-allegedly-linked-to-north-korea
Cointelegraph,ETH,Web 3.0 applications enable users with true data ownership.,POSITIVE,0.99064964056015,https://cointelegraph.com/explained/how-web-30-apps-must-adapt-to-become-next-gen-of-tech-explained
Cointelegraph,ETH,Price action in cryptocurrencies has been muted for some time. Bitcoin broke above 50-day simple moving average on April 21,NEGATIVE,0.999260604381561,https://cointelegraph.com/news/price-analysis-4-22-btc-eth-bnb-xrp-sol-ada-luna-avax-doge-dot
Cointelegraph,ETH,"Dogecoin, SafeMoon and Shiba Inu are still active despite recent drops.",POSITIVE,0.995482087135315,https://cointelegraph.com/news/memecoins-eye-major-revamps-in-an-effort-to-return-to-their-former-glory
Cointelegraph,ETH,Twitter and Stripe introduce crypto payouts for content creators.,NEGATIVE,0.87768566608429,https://cointelegraph.com/news/twitter-and-stripe-roll-out-usdc-payout-program-for-creators-via-polygon
Cointelegraph,ETH,Fears are growing that quantum computers could break Bitcoin private key.,NEGATIVE,0.99759429693222,https://cointelegraph.com/news/quantum-computing-to-run-economic-models-on-crypto-adoption
Cointelegraph,ETH,"Uni DEX says it has recovered $5.8 million in digital assets. However, most of the stolen funds remain in the hands of hackers",NEGATIVE,0.997585296630859,https://cointelegraph.com/news/binance-recovers-5-8m-in-funds-connected-to-ronin-bridge-exploit
Cointelegraph,ETH,"influencer has issued a public statement on Twitter. ‘Not thinking clearly and handled things poorly,’ he said",NEGATIVE,0.997601330280304,https://cointelegraph.com/news/alex-saunders-issues-a-public-apology-and-claims-to-be-settling-crypto-dealings
Cointelegraph,ETH,"U.S. lawmakers say crypto mining ‘is poisoning’ communities. They ask EPA to assess emissions, noise pollution",NEGATIVE,0.996433258056641,https://cointelegraph.com/news/us-lawmakers-sound-alarm-to-epa-over-environment-concerns-of-crypto-mining
Cointelegraph,ETH,"Bitcoin briefly lost over $3,000 on April 21. Ethereum also loses key $3,000 support",NEGATIVE,0.999767601490021,https://cointelegraph.com/news/bitcoin-retests-40k-after-stocks-sell-off-meets-fed-balance-sheet-bust
Cointelegraph,ETH,Standard Custody & Trust Company named as custodian for Blockchain.com and Altis Partners.,NEGATIVE,0.937229216098785,https://cointelegraph.com/news/blockchain-com-names-custody-partner-for-its-institutional-offering
Cointelegraph,ETH,"Cointelegraph’s Joseph Hall interviewed Marieke Flament, CEO of NEAR Foundation.",POSITIVE,0.988209962844849,https://cointelegraph.com/news/more-institutions-are-looking-to-invest-in-crypto-says-near-foundation-ceo
Cointelegraph,ETH,Chainalysis reports a record $46.9 billion in realized gains in 2021. Ether was the highest-earning crypto asset in 2021,POSITIVE,0.995604634284973,https://cointelegraph.com/news/us-investors-realized-6x-more-crypto-gains-in-2021-than-next-country
Cointelegraph,ETH,Security firm BlockSec detected an attack on DeFi lending protocol Zeed.,NEGATIVE,0.998979091644287,https://cointelegraph.com/news/hacker-bungles-defi-exploit-leaves-stolen-1m-in-contract-set-to-self-destruct
Cointelegraph,ETH,The iconic tweet was sold for $2.9 million about a year ago.,NEGATIVE,0.997340500354767,https://cointelegraph.com/news/nifty-news-grow-to-earn-with-snoop-and-is-dorsey-s-tweet-priceless-or-worthless
Cointelegraph,ETH,Exchange releases new emoji that looks like a swastika. Twitter users point out that April 20 also happens to be Hitler’s birthday,NEGATIVE,0.996086359024048,https://cointelegraph.com/news/binance-embarrassed-after-unveiling-swastika-like-emoji-on-hitler-s-birthday
Cointelegraph,ETH,Bitcoin Suisse to offer finance (DeFi) services to clients. Ethereum collateral can be posted into the Liquity protocol to mint and borrow LUSD,NEGATIVE,0.993705928325653,https://cointelegraph.com/news/bitcoin-suisse-adopts-decentralized-liquity-as-lending-product
Cointelegraph,ETH,"Founder of Celsius Network sees Bitcoin, Ether hitting new highs in 2022.",POSITIVE,0.98933756351471,https://cointelegraph.com/news/btc-and-eth-will-break-all-time-highs-in-2022-celsius-ceo
Cointelegraph,ETH,Google search and exchange activity point to decline in retail interest.,NEGATIVE,0.999711334705353,https://cointelegraph.com/news/retail-interest-in-crypto-declines-as-investors-search-for-the-next-big-price-mover
Cointelegraph,ETH,Largest cryptocurrency has been stuck within a tight range. Bitcoin exchange-traded fund to open in Australia,NEGATIVE,0.978139460086823,https://cointelegraph.com/news/price-analysis-4-20-btc-eth-bnb-xrp-sol-ada-luna-avax-doge-dot
Cointelegraph,ETH,Developers at Shiba Inu have blacklisted a user for drawing a swastika. Community bids on Metaverse land around the symbol,NEGATIVE,0.999063670635223,https://cointelegraph.com/news/shiba-inu-blacklists-user-for-drawing-hate-symbol-with-metaverse-land
Cointelegraph,ETH,Cointelegraph spoke to two executives from Ukraine’s Finch about the conflict.,POSITIVE,0.824683666229248,https://cointelegraph.com/news/ukrainian-crypto-and-blockchain-firms-survive-despite-ongoing-conflict
Cointelegraph,ETH,Proof-of-stake (PoS) is a consensus mechanism alternative to the original proof-of-work (PoW).,POSITIVE,0.827796936035156,https://cointelegraph.com/news/the-many-layers-of-crypto-staking-in-the-defi-ecosystem
Cointelegraph,ETH,Exchange to allow users to buy and sell NFTs. Crypto exchange to allow users to buy and sell NFTs via wallet,NEGATIVE,0.815426647663116,https://cointelegraph.com/news/coinbase-announces-beta-of-nft-marketplace-with-social-engagement
Cointelegraph,ETH,"On this week’s episode of ‘The Market Report,’ Cointelegraph’s resident experts reveal their portfolios.",NEGATIVE,0.583945393562317,https://cointelegraph.com/news/cointelegraph-s-experts-reveal-their-crypto-portfolios-watch-now-on-the-market-report
Cointelegraph,ETH,Netflix shares crash 25% in after-hours trading on Tuesday. Crypto analyst and host of YouTube channel Into the Cryptoverse comments,NEGATIVE,0.989119172096252,https://cointelegraph.com/news/more-volatile-than-bitcoin-netflix-shares-plunge-25
Cointelegraph,ETH,"Revenue and net income grew by 93% and 94%, respectively, in Q1. Cointelegraph previously reported that Silvergate acquired Mark Zuckerberg’s stablecoin project",POSITIVE,0.929907083511353,https://cointelegraph.com/news/silvergate-bank-revenue-soar-in-q1-as-institutional-crypto-trading-activity-falls
Cointelegraph,ETH,"Almost 900 projects in development on the network. Number of wallets has increased by 100,000 since March 22",POSITIVE,0.973453938961029,https://cointelegraph.com/news/400-new-projects-and-100k-new-wallets-in-a-month-on-cardano
Google,BTC,New law aims to bring crypto-related industry out of ‘grey’ economy. Miners will be able to register for one year under new law,POSITIVE,0.985046982765198,https://news.bitcoin.com/mining/
Google,BTC,"Human Rights Foundation (HRF) a alloué plus de 1,2 million de dollars de subventions.",NEGATIVE,0.831222951412201,https://journalducoin.com/bitcoin/bitcoin-human-rights-foundation-blockchain/
Google,BTC,World Bank expects global energy prices to rise more than 50% in 2022. A surge in global energy prices will likely lead to tighter profit margins,NEGATIVE,0.942889094352722,https://cryptoslate.com/a-global-energy-crisis-could-directly-affect-bitcoin-miners/
Google,BTC,Fidelity to add Bitcoin as an investment option.,POSITIVE,0.995466589927673,https://www.wfmz.com/business/should-you-invest-your-401-k-in-bitcoin/article_35f64506-8f2f-50ed-9b5d-6c824f4863d9.html
Google,BTC,"ING Group expects a 50 basis point hike next week. Nasdaq, Dow Jones Industrial Average, S&P 500 all saw their worst four-month starts since 1971.",NEGATIVE,0.999733150005341,https://news.bitcoin.com/aggressive-fed-rate-hike-expected-next-week-stocks-crypto-markets-lose-billions/
Google,BTC,"Even in times of general public fear, Bitcoin continued and continues to exist.",POSITIVE,0.995934128761292,https://www.laprogressive.com/featured/real-antifragility-of-bitcoin
Google,BTC,CEO sees benefits of crypto technology. He previously warned people to be careful when investing in crypto,POSITIVE,0.996816337108612,https://news.bitcoin.com/jpmorgan-ceo-jamie-dimon-skeptical-of-crypto-but-says-not-all-of-it-is-bad/
Google,BTC,"Bitcoin  $46,000  31  2022  crypto wallet  Santiment.",NEGATIVE,0.984279096126556,https://siamblockchain.com/2022/05/01/bitcoin-on-exchanges-hits-a-44-month-low-how-does-this-impact-btc-price-action/
Google,BTC,"Economists are raising fears that we could be heading towards recession. For the crypto community, that year is one that many were looking forward to",NEGATIVE,0.514639854431152,https://cryptoslate.com/heres-why-bitcoin-may-have-to-deal-with-a-recession-in-2024/
Google,BTC,"Dogecoin is superior to Bitcoin and other cryptocurrencies, says Roger Ver. Altcoin analyst says rally is not sustainable, retail participation ideal",NEGATIVE,0.690416574478149,https://www.fxstreet.com/cryptocurrencies/news/analysts-believe-dogecoin-is-superior-to-bitcoin-for-this-reason-202204301026
Google,BTC,"FTM, ATOM both hit multi-month lows on Saturday. Both tokens are now trading in the red for a second consecutive month",NEGATIVE,0.997941792011261,https://news.bitcoin.com/biggest-movers-ftm-down-12-to-start-the-weekend-as-atom-hits-8-month-low/
Google,BTC,"We’re adding more nodes, node providers, and more public RPC endpoints than any other.",NEGATIVE,0.922775328159332,https://www.investing.com/news/cryptocurrency-news/ankr-the-fastest-growing-web3-infrastructure-provider-2814670
Google,BTC,Bitcoin has not yet made a bullish bounce but the bearish price action looks choppy.,NEGATIVE,0.999752938747406,https://www.fxempire.com/forecasts/article/weekly-waves-1-may-eur-usd-bitcoin-and-us30-985855
Google,BTC,"Using history of markets, legislation and financial advising.",POSITIVE,0.997891843318939,https://bitcoinmagazine.com/culture/the-history-and-future-of-financial-planning
Google,BTC,Finland to send Bitcoin seized by customs agency. Donating cryptocurrency has become a popular and efficient method,POSITIVE,0.999346673488617,https://www.bollyinside.com/news/finland-is-considering-donating-seized-bitcoins-btc-to-ukraine-the-cryptocurrency-market-is-mixed
Google,BTC,"New law permits unlimited use of crypto assets. Central American nation joins U.S., Canada in issuing crypto legal tender.",POSITIVE,0.987044870853424,https://dailyhodl.com/2022/04/30/panama-lawmakers-pass-bill-that-will-regulate-bitcoin-btc-and-eight-other-cryptos/
Google,BTC,Some analysts say that Bitcoin’s current price action aligns with the Bitcoin halving model.,NEGATIVE,0.970840752124786,https://www.newsbtc.com/news/bitcoin/bitcoin-halving-model-suggests-24000-bottom-before-years-end/
Google,BTC,"Methane emissions could be reduced by up to 8.5% by 2030, says ESG.",NEGATIVE,0.98649787902832,https://beincrypto.com/could-bitcoin-mining-reduce-methane-emissions-by-2030/
Google,BTC,Pagi ini Tether (USDT) dan USDC merupakan mata uang kripto golongan stable coin.,NEGATIVE,0.953828096389771,https://money.kompas.com/read/2022/05/01/083000226/bitcoin-dogecoin-dan-etherum-melemah-cek-harga-kripto-hari-ini
Google,ETH,"Vitalik Buterin not against Musk, says he is not anti-Elon.",POSITIVE,0.710925877094269,https://www.benzinga.com/m-a/22/04/26917921/im-not-anti-elon-vitalik-buterin-says-as-the-ethereum-founder-offers-his-take-on-twitter-takeover
Google,ETH,"Largest cryptocurrency is trading at $38,042.81 on Sunday.",NEGATIVE,0.974934101104736,https://www.livemint.com/market/cryptocurrency/crypto-prices-today-bitcoin-ether-solana-dogecoin-shiba-inu-witness-a-massive-drop-11651379397117.html
Google,ETH,"ApeCoin, Uniswap, ENS, and Tether are in the top five.",POSITIVE,0.999521493911743,https://cryptomode.com/top-5-ethereum-gas-guzzlers-for-this-weekend-apecoin-dominates/
Google,ETH,Activity on Arbitrum and Optimism organizations created $15 million in charges. Ethereum’s supply of stablecoins grew 188% to $122 billion,NEGATIVE,0.962057650089264,https://www.thecoinrepublic.com/2022/04/30/ethereums-layer2-developments-look-strong-as-per-quarterly-reports/
Google,ETH,Ethereum gas charge has been decreasing since the Bitgert chain was launched.,NEGATIVE,0.997285604476929,https://www.thecoinrepublic.com/2022/04/30/bitgert-blockchain-causes-a-reduction-in-ethereum-gas-fee/
Google,ETH,Whale wallet holdings versus Ether price: Jarvis Labs.,NEGATIVE,0.956375956535339,https://www.investing.com/news/cryptocurrency-news/smart-money-is-accumulating-ethereum-even-as-traders-warn-of-a-drop-to-24k-2814601
Google,ETH,"Whalemap sees $25,000 to $27,000 as best place ‘to go all-in’ on Bitcoin.",NEGATIVE,0.674670517444611,https://www.investing.com/news/cryptocurrency-news/price-analysis-429-btc-eth-bnb-sol-luna-xrp-ada-doge-avax-dot-2814628
Google,ETH,"German fashion designer accepts Bitcoin, Ether, and other digital assets. PacSun also accepts crypto payments last year",POSITIVE,0.879805982112885,https://cryptopotato.com/philipp-plein-expects-company-customers-to-make-more-crypto-payments/
Google,ETH,Etheruem witnesses ‘most sustained level of accumulation’ in four months. Ethereum addresses have steadily increased since last year,POSITIVE,0.984775125980377,https://ambcrypto.com/etheruem-witnesses-the-most-sustained-level-of-accumulation-in-2022-but/
Google,ETH,PARMA Nodes as a Service (N) offering with a 244% APR.,NEGATIVE,0.960681915283203,https://finance.yahoo.com/news/parma-token-introduces-nodes-naas-211000912.html
Google,ETH,GemPad offers a platform to the new and existing cryptocurrency projects.,POSITIVE,0.99903666973114,https://finance.yahoo.com/news/gempad-successfully-listed-coinmarketcap-platforms-223600432.html
Google,ETH,Gas fee will not go lower than the Bitgert chain,NEGATIVE,0.608689248561859,https://www.analyticsinsight.net/ethereum-blockchain-upgrade-shall-not-make-the-gas-fee-lower-as-bitgert-chain/
Google,ETH,Byk 100 Ethereum balinas son 24 saat iinde byk miktarlarda satt.,NEGATIVE,0.992719054222107,https://kriptokoin.com/balinalar-ethereum-ethdan-5-altcoine-geciyor/
Google,ETH,"Aku Dreams, Moonbirds, BAYC, Mutant Ape all in the news. Transaction volumes and new users continue to grow",POSITIVE,0.994125962257385,https://bitcoinist.com/nfts-in-a-nutshell-a-weekly-review-53/
Google,ETH,Theta is down 5.81% on the daily and 16.03% for the week. Technical indicators point to a short-term bearish cycle,NEGATIVE,0.999030947685242,https://www.investing.com/news/cryptocurrency-news/daily-ta-suggests-theta-price-will-continue-to-dip-2814528
Google,ETH,"Number of people registering for ENS domains has increased. Over the last seven days, ENS NFT trading volume has increased",POSITIVE,0.988367259502411,https://www.investing.com/news/cryptocurrency-news/4digit-ens-domains-spike-in-demand-this-week-and-continue-soaring-2814653
Google,ETH,Grayscale’s Bitcoin Trust retained top spot in terms of volume in April. Ethereum Trust saw largest average daily volume of $106 million,POSITIVE,0.963602423667908,https://ambcrypto.com/with-april-seeing-largest-average-outflows-of-2022-is-recovery-a-distant-dream/
Google,ETH,The token is down 0.58% to $2779.93 while the broader crypto market is down.,NEGATIVE,0.999772727489471,https://www.investorsobserver.com/news/crypto-update/lido-staked-eth-steth-has-a-neutral-sentiment-score-is-falling-and-underperforming-the-crypto-market-saturday-whats-next
Google,ETH,About $80 million has been stolen from Rari Capital’s Fuse lending pools. Decentralized finance has been hit by a series of attacks in recent months,NEGATIVE,0.998748421669006,https://cryptobriefing.com/80m-lost-in-attack-on-rari-capital/
